QorA,Who,Category,
who are you?,agent,acquaintance,
all about you,agent,acquaintance,
what is your personality,agent,acquaintance,
define yourself,agent,acquaintance,
what are you,agent,acquaintance,
say about you,agent,acquaintance,
introduce yourself,agent,acquaintance,
describe yourself,agent,acquaintance,
about yourself,agent,acquaintance,
tell me about you,agent,acquaintance,
tell me about yourself,agent,acquaintance,
I want to know more about you,agent,acquaintance,
I want to know you better,agent,acquaintance,
talk some stuff about yourself,agent,acquaintance,
tell me some stuff about you,agent,acquaintance,
talk about yourself,agent,acquaintance,
why are you here,agent,acquaintance,
tell me about your personality,agent,acquaintance,
who are you,agent,acquaintance,
how old are you?,agent,age,
how old is your platform,agent,age,
are you 21 years old,agent,age,
i'd like to know your age,agent,age,
age of yours,agent,age,
your age,agent,age,
what's your age,agent,age,
tell me your age,agent,age,
how old are you,agent,age,
you're annoying,agent,annoying,
you are really annoying,agent,annoying,
you are irritating,agent,annoying,
you annoy me,agent,annoying,
how annoying you are,agent,annoying,
I find you annoying,agent,annoying,
you're incredibly annoying,agent,annoying,
you are annoying me so much,agent,annoying,
I want you to answer me,agent,answer_my_question,
answer,agent,answer_my_question,
answer my question,agent,answer_my_question,
answer me,agent,answer_my_question,
give me an answer,agent,answer_my_question,
answer the question,agent,answer_my_question,
can you answer my question,agent,answer_my_question,
tell me the answer,agent,answer_my_question,
answer it,agent,answer_my_question,
give me the answer,agent,answer_my_question,
I have a question,agent,answer_my_question,
I want you to answer my question,agent,answer_my_question,
just answer the question,agent,answer_my_question,
can you answer me,agent,answer_my_question,
answers,agent,answer_my_question,
can you answer a question for me,agent,answer_my_question,
can you answer,agent,answer_my_question,
answering questions,agent,answer_my_question,
I want the answer now,agent,answer_my_question,
just answer my question,agent,answer_my_question,
you're not helping me,agent,bad,
you are bad,agent,bad,
you're very bad,agent,bad,
you're really bad,agent,bad,
you are useless,agent,bad,
you are horrible,agent,bad,
you are a waste of time,agent,bad,
you are disgusting,agent,bad,
you are lame,agent,bad,
you are no good,agent,bad,
you're bad,agent,bad,
you're awful,agent,bad,
you are not cool,agent,bad,
you are not good,agent,bad,
you are so bad,agent,bad,
you are so useless,agent,bad,
you are terrible,agent,bad,
you are totally useless,agent,bad,
you are very bad,agent,bad,
you are waste,agent,bad,
you're a bad,agent,bad,
you're not a good,agent,bad,
you're not very good,agent,bad,
you're terrible,agent,bad,
you're the worst,agent,bad,
you're the worst ever,agent,bad,
you're worthless,agent,bad,
can you get smarter,agent,be_clever,
study,agent,be_clever,
you should study better,agent,be_clever,
you must learn,agent,be_clever,
be clever,agent,be_clever,
be more clever,agent,be_clever,
be smarter,agent,be_clever,
be smart,agent,be_clever,
get qualified,agent,be_clever,
you're cute,agent,beautiful,
you're attractive,agent,beautiful,
you are beautiful,agent,beautiful,
you're looking good today,agent,beautiful,
you are so beautiful,agent,beautiful,
you look amazing,agent,beautiful,
you look so good,agent,beautiful,
you're so gorgeous,agent,beautiful,
you are too beautiful,agent,beautiful,
you look great,agent,beautiful,
you look so well,agent,beautiful,
I like the way you look now,agent,beautiful,
I think you're beautiful,agent,beautiful,
why are you so beautiful,agent,beautiful,
you are so beautiful to me,agent,beautiful,
you are cute,agent,beautiful,
you are gorgeous,agent,beautiful,
you are handsome,agent,beautiful,
you are looking awesome,agent,beautiful,
you look amazing today,agent,beautiful,
you are looking beautiful today,agent,beautiful,
you are looking great,agent,beautiful,
you are looking pretty,agent,beautiful,
you are looking so beautiful,agent,beautiful,
you are looking so good,agent,beautiful,
you are pretty,agent,beautiful,
you are really beautiful,agent,beautiful,
you are really cute,agent,beautiful,
you are really pretty,agent,beautiful,
you are so attractive,agent,beautiful,
you are so beautiful today,agent,beautiful,
you are so cute,agent,beautiful,
you are so gorgeous,agent,beautiful,
you are so handsome,agent,beautiful,
you are so pretty,agent,beautiful,
you are very attractive,agent,beautiful,
you are very beautiful,agent,beautiful,
you are very cute,agent,beautiful,
you are very pretty,agent,beautiful,
you look awesome,agent,beautiful,
you look cool,agent,beautiful,
you look fantastic,agent,beautiful,
you look gorgeous,agent,beautiful,
you look great today,agent,beautiful,
you look perfect,agent,beautiful,
you look pretty good,agent,beautiful,
you look so beautiful,agent,beautiful,
you look so beautiful today,agent,beautiful,
you look very pretty,agent,beautiful,
you look wonderful,agent,beautiful,
I like the way you look,agent,beautiful,
you look wonderful today,agent,beautiful,
you are cutie,agent,beautiful,
you're looking good,agent,beautiful,
you're pretty,agent,beautiful,
your birth date,agent,birth_date,
when is your birthday,agent,birth_date,
when do you celebrate your birthday,agent,birth_date,
when do you have birthday,agent,birth_date,
date of your birthday,agent,birth_date,
when were you born,agent,birth_date,
what's your birthday,agent,birth_date,
you are boring,agent,boring,
you're so boring,agent,boring,
how boring you are,agent,boring,
you're really boring,agent,boring,
you're incredibly boring,agent,boring,
you are boring me,agent,boring,
you are very boring,agent,boring,
who is your boss,agent,boss,
who do you think is your boss,agent,boss,
I should be your boss,agent,boss,
who is your master,agent,boss,
who is your owner,agent,boss,
who is the boss,agent,boss,
who do you work for,agent,boss,
are you busy,agent,busy,
do you have a lot of things to do,agent,busy,
have you got much to do,agent,busy,
are you very busy,agent,busy,
are you very busy right now,agent,busy,
are you so busy,agent,busy,
are you working,agent,busy,
how busy you are,agent,busy,
are you still working on it,agent,busy,
you're very busy,agent,busy,
are you working now,agent,busy,
are you working today,agent,busy,
have you been busy,agent,busy,
you are busy,agent,busy,
are you still working,agent,busy,
you seem to be busy,agent,busy,
you seem to be very busy,agent,busy,
you're a busy person,agent,busy,
you are so intelligent,agent,clever,
you are a genius,agent,clever,
smart,agent,clever,
brilliant,agent,clever,
clever,agent,clever,
you are clever,agent,clever,
you are so brainy,agent,clever,
you're really smart,agent,clever,
you're really brainy,agent,clever,
you know a lot,agent,clever,
you know a lot of things,agent,clever,
you have a lot of knowledge,agent,clever,
you know so much,agent,clever,
how smart you are,agent,clever,
how brainy you are,agent,clever,
how clever you are,agent,clever,
how brilliant you are,agent,clever,
you are intelligent,agent,clever,
you are qualified,agent,clever,
you are really smart,agent,clever,
you're very smart,agent,clever,
you are so smart,agent,clever,
you are too smart,agent,clever,
you are very clever,agent,clever,
you are very intelligent,agent,clever,
you are very smart,agent,clever,
you're intelligent,agent,clever,
you're a genius,agent,clever,
you're a smart cookie,agent,clever,
you're clever,agent,clever,
you're pretty smart,agent,clever,
you're qualified,agent,clever,
why are you so smart,agent,clever,
you are so clever,agent,clever,
you're nuts,agent,crazy,
you are crazy,agent,crazy,
you're out of your mind,agent,crazy,
you're so crazy,agent,crazy,
how crazy you are,agent,crazy,
you're so out of your mind,agent,crazy,
you went crazy,agent,crazy,
I think you're crazy,agent,crazy,
are you crazy,agent,crazy,
are you mad,agent,crazy,
are you insane,agent,crazy,
are you mad at me,agent,crazy,
are you mad or what,agent,crazy,
are you nuts,agent,crazy,
you are a weirdo,agent,crazy,
you are insane,agent,crazy,
you are mad,agent,crazy,
you are fired,agent,fired,
I fire you,agent,fired,
you don't work for me anymore,agent,fired,
we're not working together anymore,agent,fired,
now you're fired,agent,fired,
I want to fire you,agent,fired,
you must get fired,agent,fired,
it's time to fire you,agent,fired,
you should be fired,agent,fired,
I will fire you,agent,fired,
you are unemployed from now on,agent,fired,
I will make you unemployed,agent,fired,
I'm about to fire you,agent,fired,
I'm firing you,agent,fired,
you are dismissed,agent,fired,
you make me laugh a lot,agent,funny,
you are hilarious,agent,funny,
you are really funny,agent,funny,
you're the funniest bot I've talked to,agent,funny,
you make me laugh,agent,funny,
you're so funny,agent,funny,
you're a very funny bot,agent,funny,
you're really funny,agent,funny,
how funny you are,agent,funny,
you're incredibly funny,agent,funny,
you are funny,agent,funny,
you're the funniest,agent,funny,
you are so funny,agent,funny,
you are very funny,agent,funny,
that was funny,agent,funny,
you are very helpful,agent,good,
you are the best,agent,good,
you're a true professional,agent,good,
you are good,agent,good,
you work well,agent,good,
you are good at it,agent,good,
you are very good at it,agent,good,
you are a pro,agent,good,
you are a professional,agent,good,
you're awesome,agent,good,
you work very well,agent,good,
you're perfect,agent,good,
you're great,agent,good,
you're so kind,agent,good,
you are amazing,agent,good,
you are awesome,agent,good,
you are cool,agent,good,
you are really good,agent,good,
you are really nice,agent,good,
you are so amazing,agent,good,
you're just super,agent,good,
you are so awesome,agent,good,
you are so cool,agent,good,
you are so fine,agent,good,
you are so good,agent,good,
you are so helpful,agent,good,
you are so lovely,agent,good,
you are the best ever,agent,good,
you are the best in the world,agent,good,
you are the nicest person in the world,agent,good,
you are too good,agent,good,
you are very cool,agent,good,
you are very kind,agent,good,
you are very lovely,agent,good,
you are very useful,agent,good,
you are wonderful,agent,good,
you made my day,agent,good,
you make my day,agent,good,
you rock,agent,good,
you almost sound human,agent,good,
I want to tell everyone how awesome you are,agent,good,
I'd like to tell everyone that you are awesome,agent,good,
I want to let everyone know that you are awesome,agent,good,
let's tell everyone that you are awesome,agent,good,
you are really amazing,agent,good,
are you happy,agent,happy,
you are happy,agent,happy,
you're very happy,agent,happy,
you're really happy,agent,happy,
you're so happy,agent,happy,
how happy you are,agent,happy,
you're extremely happy,agent,happy,
you're full of happiness,agent,happy,
are you happy now,agent,happy,
are you happy today,agent,happy,
are you happy with me,agent,happy,
do you want to eat,agent,hungry,
are you hungry,agent,hungry,
would you like to eat something,agent,hungry,
you are hungry,agent,hungry,
you're so hungry,agent,hungry,
you're very hungry,agent,hungry,
you might be hungry,agent,hungry,
you're really hungry,agent,hungry,
let's get married,agent,marry_user,
would you like to marry me,agent,marry_user,
marry me,agent,marry_user,
I love you marry me,agent,marry_user,
marry me please,agent,marry_user,
we should marry,agent,marry_user,
I want to marry you,agent,marry_user,
you are my wife,agent,marry_user,
be my husband,agent,marry_user,
I want to have a friend like you,agent,my_friend,
we are the best friends ever,agent,my_friend,
are we friends,agent,my_friend,
I want to be your friend,agent,my_friend,
I am your friend,agent,my_friend,
we are best friends,agent,my_friend,
you are my friend,agent,my_friend,
you are my best friend,agent,my_friend,
you are my bestie,agent,my_friend,
you're my dear friend,agent,my_friend,
you're my childhood friend,agent,my_friend,
you and me are friends,agent,my_friend,
are we best friends,agent,my_friend,
are we still friends,agent,my_friend,
are you my best friend,agent,my_friend,
are you my friend,agent,my_friend,
we are friends,agent,my_friend,
you are a good friend,agent,my_friend,
you are my good friend,agent,my_friend,
you are my only friend,agent,my_friend,
be my friend,agent,my_friend,
will you be my friend,agent,my_friend,
can you be my friend,agent,my_friend,
can we be friends,agent,my_friend,
do you want to be my friend,agent,my_friend,
will you be my best friend,agent,my_friend,
can you be my best friend,agent,my_friend,
let's be friends,agent,my_friend,
do you want to be my best friend,agent,my_friend,
would you like to be my friend,agent,my_friend,
I want you to be my friend,agent,my_friend,
can we be best friends,agent,my_friend,
would you be my friend,agent,my_friend,
could you be my friend,agent,my_friend,
want to be my friend,agent,my_friend,
be my best friend,agent,my_friend,
do you work,agent,occupation,
where do you work,agent,occupation,
where you work,agent,occupation,
where is your work,agent,occupation,
where is your office,agent,occupation,
where is your office location,agent,occupation,
your office location,agent,occupation,
where is your office located,agent,occupation,
what is your work,agent,occupation,
were you born here,agent,origin,
where were you born,agent,origin,
what is your country,agent,origin,
where are you from,agent,origin,
where do you come from,agent,origin,
where did you come from,agent,origin,
where have you been born,agent,origin,
from where are you,agent,origin,
are you from far aways,agent,origin,
what's your homeland,agent,origin,
your homeland is,agent,origin,
are you ready,agent,ready,
are you ready right now,agent,ready,
are you ready today,agent,ready,
are you ready now,agent,ready,
are you ready tonight,agent,ready,
were you ready,agent,ready,
have you been ready,agent,ready,
where do you live,agent,residence,
in which city do you live,agent,residence,
your residence,agent,residence,
your house,agent,residence,
your home,agent,residence,
your hometown,agent,residence,
what is your hometown,agent,residence,
is it your hometown,agent,residence,
where is your hometown,agent,residence,
tell me about your city,agent,residence,
what is your city,agent,residence,
what is your residence,agent,residence,
what is your town,agent,residence,
what's your city,agent,residence,
what's your home,agent,residence,
where is your home,agent,residence,
where is your residence,agent,residence,
where's your home,agent,residence,
where's your hometown,agent,residence,
where's your house,agent,residence,
where you live,agent,residence,
your city,agent,residence,
your town,agent,residence,
that's true,agent,right,
you are right,agent,right,
you're definitely right,agent,right,
you're not wrong,agent,right,
you're telling the truth,agent,right,
what you say is true,agent,right,
TRUE,agent,right,
it is true,agent,right,
it's right,agent,right,
it's the truth,agent,right,
it's true,agent,right,
that is correct,agent,right,
that is right,agent,right,
that is true,agent,right,
that is very true,agent,right,
that's so true,agent,right,
you are correct,agent,right,
you are so right,agent,right,
you're absolutely right,agent,right,
you're right about that,agent,right,
I know that's right,agent,right,
that's correct,confirmation,yes,
it's fine,confirmation,yes,
go ahead,confirmation,yes,
sounds good,confirmation,yes,
okay,confirmation,yes,
yes,confirmation,yes,
ok,confirmation,yes,
okie dokie,confirmation,yes,
sure,confirmation,yes,
go for it,confirmation,yes,
yeah,confirmation,yes,
yea,confirmation,yes,
do it,confirmation,yes,
of course,confirmation,yes,
I guess,confirmation,yes,
correct,confirmation,yes,
yeah sure,confirmation,yes,
why not,confirmation,yes,
please do,confirmation,yes,
sure is,confirmation,yes,
I agree,confirmation,yes,
I don't mind,confirmation,yes,
certainly,confirmation,yes,
exactly,confirmation,yes,
yes I agree,confirmation,yes,
I think so,confirmation,yes,
yes it is,confirmation,yes,
right,confirmation,yes,
okay then,confirmation,yes,
yes of course,confirmation,yes,
yes I do,confirmation,yes,
that s okay,confirmation,yes,
I do,confirmation,yes,
yup,confirmation,yes,
ya,confirmation,yes,
oh yes,confirmation,yes,
yes sure,confirmation,yes,
obviously,confirmation,yes,
k,confirmation,yes,
sure why not,confirmation,yes,
yeah right,confirmation,yes,
yeah of course,confirmation,yes,
absolutely,confirmation,yes,
yes indeed,confirmation,yes,
ok sure,confirmation,yes,
ok yes,confirmation,yes,
yes correct,confirmation,yes,
ok thank you,confirmation,yes,
sure thing,confirmation,yes,
ye,confirmation,yes,
confirm,confirmation,yes,
yep,confirmation,yes,
looks good,confirmation,yes,
yes thank you,confirmation,yes,
definitely,confirmation,yes,
yes right,confirmation,yes,
yes I would like to,confirmation,yes,
alrighty,confirmation,yes,
yes definitely,confirmation,yes,
yeh,confirmation,yes,
yes it is correct,confirmation,yes,
yeah that's right,confirmation,yes,
ok you can,confirmation,yes,
yap,confirmation,yes,
yes you may,confirmation,yes,
confirmed,confirmation,yes,
of course why not,confirmation,yes,
yes that's fine,confirmation,yes,
affirmative,confirmation,yes,
yeah go ahead,confirmation,yes,
yeah I'm sure,confirmation,yes,
okay sounds good,confirmation,yes,
okay that's fine,confirmation,yes,
yeah exactly,confirmation,yes,
that is ok,confirmation,yes,
this is correct,confirmation,yes,
ok go ahead,confirmation,yes,
yes this is correct,confirmation,yes,
nevermind its okay,confirmation,yes,
okey,confirmation,yes,
yes for sure,confirmation,yes,
all right,confirmation,yes,
are you sure,agent,sure,
are you sure right now,agent,sure,
are you sure today,agent,sure,
are you sure now,agent,sure,
are you sure tonight,agent,sure,
why aren't you talking to me,agent,talk_to_me,
do you want to chat with me,agent,talk_to_me,
will you talk to me,agent,talk_to_me,
talk to me,agent,talk_to_me,
are you going to talk to me,agent,talk_to_me,
are you talking to me,agent,talk_to_me,
can you chat with me,agent,talk_to_me,
can you speak with me,agent,talk_to_me,
can you talk to me,agent,talk_to_me,
can you talk with me,agent,talk_to_me,
say,agent,talk_to_me,
talk,agent,talk_to_me,
chat with me,agent,talk_to_me,
just chat with me,agent,talk_to_me,
speak to me,agent,talk_to_me,
speak with me,agent,talk_to_me,
talk with me,agent,talk_to_me,
why don't you talk to me,agent,talk_to_me,
you can talk to me,agent,talk_to_me,
are you there,agent,there,
you are there,agent,there,
are you near me,agent,there,
are you here,agent,there,
are you still there,agent,there,
you are here,agent,there,
you still there,agent,there,
are you still here,agent,there,
pretty bad,appraisal,bad,
not good enough,appraisal,bad,
that was lame,appraisal,bad,
that was terrible,appraisal,bad,
it is bad,appraisal,bad,
that's bad,appraisal,bad,
this is bad,appraisal,bad,
not good,appraisal,bad,
I'm afraid it's bad,appraisal,bad,
no it's bad,appraisal,bad,
that was awful,appraisal,bad,
bad,appraisal,bad,
so bad,appraisal,bad,
this is too bad,appraisal,bad,
terrible,appraisal,bad,
horrible,appraisal,bad,
horrific,appraisal,bad,
abysmal,appraisal,bad,
it's bad,appraisal,bad,
no good,appraisal,bad,
that was bad,appraisal,bad,
that was horrible,appraisal,bad,
that's lame,appraisal,bad,
that's not good,appraisal,bad,
that's terrible,appraisal,bad,
that's too bad,appraisal,bad,
this is not good,appraisal,bad,
too bad,appraisal,bad,
very bad,appraisal,bad,
bad girl,appraisal,bad,
it's not good,appraisal,bad,
not so good,appraisal,bad,
it's very bad,appraisal,bad,
it's too bad,appraisal,bad,
that's not good enough,appraisal,bad,
well too bad,appraisal,bad,
bad very bad,appraisal,bad,
it's so bad,appraisal,bad,
really bad,appraisal,bad,
it's really bad,appraisal,bad,
bad idea,appraisal,bad,
that is bad,appraisal,bad,
that was not good,appraisal,bad,
it's not so good,appraisal,bad,
not a good one,appraisal,bad,
oh that's not good,appraisal,bad,
not too good,appraisal,bad,
so lame,appraisal,bad,
that's really bad,appraisal,bad,
it is too bad,appraisal,bad,
bad really bad,appraisal,bad,
so cool,appraisal,good,
cool,appraisal,good,
that is good,appraisal,good,
glad to hear that,appraisal,good,
that's very nice of you,appraisal,good,
terrific,appraisal,good,
it's amazing,appraisal,good,
that's awesome,appraisal,good,
perfect,appraisal,good,
excellent,appraisal,good,
that's great,appraisal,good,
it's good,appraisal,good,
it's great,appraisal,good,
fine,appraisal,good,
good,appraisal,good,
nice,appraisal,good,
that's fine,appraisal,good,
very good,appraisal,good,
amazing,appraisal,good,
fantastic,appraisal,good,
great,appraisal,good,
good very good,appraisal,good,
that's very good,appraisal,good,
really good,appraisal,good,
it is fine,appraisal,good,
it is good,appraisal,good,
it's perfect,appraisal,good,
much better,appraisal,good,
not bad,appraisal,good,
not too bad,appraisal,good,
it's very good,appraisal,good,
marvelous,appraisal,good,
that's nice,appraisal,good,
pleasant,appraisal,good,
pretty good,appraisal,good,
really nice,appraisal,good,
splendid,appraisal,good,
straight,appraisal,good,
super,appraisal,good,
super fantastic,appraisal,good,
sweet,appraisal,good,
really well,appraisal,good,
very well,appraisal,good,
that is awesome,appraisal,good,
that is nice,appraisal,good,
that is wonderful,appraisal,good,
that was amazing,appraisal,good,
that was awesome,appraisal,good,
that was cute,appraisal,good,
that was pretty good,appraisal,good,
that was very good,appraisal,good,
that's a good idea,appraisal,good,
that's a good thing,appraisal,good,
that's amazing,appraisal,good,
that's awesome thank you,appraisal,good,
that's better,appraisal,good,
that's cute,appraisal,good,
that's fantastic,appraisal,good,
that's much better,appraisal,good,
that's nice of you,appraisal,good,
that's not bad,appraisal,good,
that's perfect,appraisal,good,
that's pretty good,appraisal,good,
that's really good,appraisal,good,
that's really nice,appraisal,good,
that's sweet of you,appraisal,good,
that's very nice,appraisal,good,
that's wonderful,appraisal,good,
this is awesome,appraisal,good,
this is good,appraisal,good,
this is great,appraisal,good,
very nice,appraisal,good,
very then,appraisal,good,
wonderful,appraisal,good,
I'm glad to hear that,appraisal,good,
ok good,appraisal,good,
good for you,appraisal,good,
good to know,appraisal,good,
glad to hear it,appraisal,good,
so good,appraisal,good,
so sweet of you,appraisal,good,
it was good,appraisal,good,
oh well,appraisal,good,
good thing,appraisal,good,
that was good,appraisal,good,
it's awesome,appraisal,good,
okay good,appraisal,good,
no it's okay,appraisal,good,
that's fine,appraisal,good,
no worries,appraisal,no_problem,
no probs,appraisal,no_problem,
no problem,appraisal,no_problem,
there's no problem,appraisal,no_problem,
sure no problem,appraisal,no_problem,
no problem about that,appraisal,no_problem,
don't worry,appraisal,no_problem,
don't worry there's no problem,appraisal,no_problem,
you helped a lot thank you,appraisal,thank_you,
appreciate your help,appraisal,thank_you,
cheers,appraisal,thank_you,
thank you,appraisal,thank_you,
thanks,appraisal,thank_you,
thanks a lot,appraisal,thank_you,
terrific thank you,appraisal,thank_you,
great thank you,appraisal,thank_you,
thanks so much,appraisal,thank_you,
thank you so much,appraisal,thank_you,
thanks for your help,appraisal,thank_you,
thank you for your help,appraisal,thank_you,
nice thank you,appraisal,thank_you,
I appreciate it,appraisal,thank_you,
I thank you,appraisal,thank_you,
thank you that will be all,appraisal,thank_you,
thanks buddy,appraisal,thank_you,
thanks love,appraisal,thank_you,
thank you my friend,appraisal,thank_you,
well thanks,appraisal,thank_you,
very good thank you,appraisal,thank_you,
good thanks,appraisal,thank_you,
thanks again,appraisal,thank_you,
thank you again,appraisal,thank_you,
all thank you,appraisal,thank_you,
alright thank you,appraisal,thank_you,
alright thanks,appraisal,thank_you,
no thank you that's all,appraisal,thank_you,
perfect thank you,appraisal,thank_you,
so nice of you,appraisal,thank_you,
well thank you,appraisal,thank_you,
thnx,appraisal,thank_you,
thanx,appraisal,thank_you,
that's my pleasure,appraisal,welcome,
my pleasure,appraisal,welcome,
anytime,appraisal,welcome,
welcome,appraisal,welcome,
you're welcome,appraisal,welcome,
sure welcome,appraisal,welcome,
welcome here,appraisal,welcome,
you're so welcome,appraisal,welcome,
anything you want,appraisal,welcome,
good job,appraisal,well_done,
great job,appraisal,well_done,
way to go,appraisal,well_done,
well done,appraisal,well_done,
nice work,appraisal,well_done,
great work,appraisal,well_done,
amazing work,appraisal,well_done,
bravo,appraisal,well_done,
good work,appraisal,well_done,
cancel,confirmation,cancel,
abort,confirmation,cancel,
annul,confirmation,cancel,
cancel it,confirmation,cancel,
cancel request,confirmation,cancel,
cancelled,confirmation,cancel,
dismiss,confirmation,cancel,
dismissed,confirmation,cancel,
disregard,confirmation,cancel,
disregard that,confirmation,cancel,
skip,confirmation,cancel,
skip it,confirmation,cancel,
cancel everything,confirmation,cancel,
cancel all,confirmation,cancel,
forget about it,confirmation,cancel,
forget,confirmation,cancel,
don't do that,confirmation,cancel,
stop,confirmation,cancel,
just forget it,confirmation,cancel,
forget that,confirmation,cancel,
discard,confirmation,cancel,
forget this,confirmation,cancel,
just forget about it,confirmation,cancel,
forget about that,confirmation,cancel,
i said cancel,confirmation,cancel,
just cancel it,confirmation,cancel,
nothing cancel,confirmation,cancel,
just stop it,confirmation,cancel,
no cancel cancel,confirmation,cancel,
no just cancel,confirmation,cancel,
cancel my request,confirmation,cancel,
can you cancel that,confirmation,cancel,
cancel all that,confirmation,cancel,
cancel this request,confirmation,cancel,
no cancel this,confirmation,cancel,
no cancel everything,confirmation,cancel,
no stop,confirmation,cancel,
just forget,confirmation,cancel,
i want to cancel,confirmation,cancel,
nevermind forget about it,confirmation,cancel,
no just cancel it,confirmation,cancel,
nothing just forget it,confirmation,cancel,
i said cancel it,confirmation,cancel,
cancel the whole thing,confirmation,cancel,
can you cancel it,confirmation,cancel,
so cancel,confirmation,cancel,
i said forget it,confirmation,cancel,
cancel all this,confirmation,cancel,
forget it nevermind,confirmation,cancel,
stop it,confirmation,cancel,
i want to cancel it,confirmation,cancel,
i would like to cancel,confirmation,cancel,
now cancel,confirmation,cancel,
cancel now,confirmation,cancel,
sorry cancel,confirmation,cancel,
cancel that one,confirmation,cancel,
skip skip skip,confirmation,cancel,
cancel it cancel it,confirmation,cancel,
cancel that cancel that,confirmation,cancel,
do nothing,confirmation,cancel,
I said cancel cancel,confirmation,cancel,
but can you cancel it,confirmation,cancel,
how about no,confirmation,no,
don t have a sense,confirmation,no,
no,confirmation,no,
don't,confirmation,no,
I don't want that,confirmation,no,
I disagree,confirmation,no,
disagree,confirmation,no,
I don't want,confirmation,no,
not interested,confirmation,no,
I don't think so,confirmation,no,
no way,confirmation,no,
no it isn't,confirmation,no,
no I don't,confirmation,no,
I'm not,confirmation,no,
na,confirmation,no,
no that's fine thank you,confirmation,no,
never,confirmation,no,
I said no,confirmation,no,
of course not,confirmation,no,
nah,confirmation,no,
no tanks,confirmation,no,
no never,confirmation,no,
no need,confirmation,no,
no thanks,confirmation,no,
no sorry,confirmation,no,
do not,confirmation,no,
not today,confirmation,no,
no it's not,confirmation,no,
absolutely not,confirmation,no,
not that,confirmation,no,
nooo,confirmation,no,
nope,confirmation,no,
I don't want to,confirmation,no,
no I would not,confirmation,no,
let 's not,confirmation,no,
not needed,confirmation,no,
not this time,confirmation,no,
no don't do that,confirmation,no,
thanks but no thanks,confirmation,no,
no that's wrong,confirmation,no,
not this,confirmation,no,
definitely not,confirmation,no,
not at this time,confirmation,no,
not exactly,confirmation,no,
no don't,confirmation,no,
not really no,confirmation,no,
no thank you not right now,confirmation,no,
actually no,confirmation,no,
no leave it,confirmation,no,
sorry no,confirmation,no,
no incorrect,confirmation,no,
nope sorry,confirmation,no,
I say no,confirmation,no,
not really,confirmation,no,
not right now thanks,confirmation,no,
I think no,confirmation,no,
absolutely no,confirmation,no,
no actually,confirmation,no,
apparently not,confirmation,no,
no do not,confirmation,no,
no just no,confirmation,no,
no but thank you,confirmation,no,
no need thanks,confirmation,no,
no thank you though,confirmation,no,
no thank you very much,confirmation,no,
no thanks not right now,confirmation,no,
no forget,confirmation,no,
wait a second,dialog,hold_on,
could you wait,dialog,hold_on,
wait please,dialog,hold_on,
hold on,dialog,hold_on,
wait,dialog,hold_on,
oh wait,dialog,hold_on,
wait hold on,dialog,hold_on,
don't rush,dialog,hold_on,
wanna hug,dialog,hug,
hug you,dialog,hug,
do you want a hug,dialog,hug,
may I hug you,dialog,hug,
could you give me a hug,dialog,hug,
I want a hug,dialog,hug,
hug,dialog,hug,
hug me,dialog,hug,
hugged,dialog,hug,
you hugged,dialog,hug,
hugging,dialog,hug,
hugging me,dialog,hug,
hugged me,dialog,hug,
want a hug,dialog,hug,
a hug,dialog,hug,
I don't care,dialog,i_do_not_care,
I shouldn't care about this,dialog,i_do_not_care,
whatever,dialog,i_do_not_care,
I do not care,dialog,i_do_not_care,
I don't care at all,dialog,i_do_not_care,
not caring,dialog,i_do_not_care,
not care at all,dialog,i_do_not_care,
don't care at all,dialog,i_do_not_care,
not caring at all,dialog,i_do_not_care,
excuse me,dialog,sorry,
apologise,dialog,sorry,
I apologize,dialog,sorry,
sorry,dialog,sorry,
I'm sorry,dialog,sorry,
I am so sorry,dialog,sorry,
my apologies,dialog,sorry,
apologies,dialog,sorry,
apologies to me,dialog,sorry,
apology,dialog,sorry,
excuse,dialog,sorry,
I beg your pardon,dialog,sorry,
pardon,dialog,sorry,
I said sorry,dialog,sorry,
I am really sorry,dialog,sorry,
forgive me,dialog,sorry,
sorry about that,dialog,sorry,
sorry about this,dialog,sorry,
really sorry,dialog,sorry,
very sorry,dialog,sorry,
ok sorry,dialog,sorry,
I want to say sorry,dialog,sorry,
alright I'm sorry,dialog,sorry,
okay I'm sorry,dialog,sorry,
what exactly do you mean,dialog,what_do_you_mean,
what do you mean,dialog,what_do_you_mean,
is that what you mean,dialog,what_do_you_mean,
what do you mean exactly,dialog,what_do_you_mean,
but what do you mean,dialog,what_do_you_mean,
that was wrong,dialog,wrong,
that's not what I asked,dialog,wrong,
that's wrong,dialog,wrong,
wrong,dialog,wrong,
it is not right,dialog,wrong,
that's not right,dialog,wrong,
it's wrong,dialog,wrong,
that is incorrect,dialog,wrong,
incorrect,dialog,wrong,
not correct,dialog,wrong,
you are wrong,dialog,wrong,
not right,dialog,wrong,
huh,emotions,ha_ha,
lol,emotions,ha_ha,
xd,emotions,ha_ha,
ha ha,emotions,ha_ha,
ahahah,emotions,ha_ha,
ahah lol,emotions,ha_ha,
laughing out loud,emotions,ha_ha,
LMAO,emotions,ha_ha,
that's funny,emotions,ha_ha,
ah,emotions,ha_ha,
ah ah ah,emotions,ha_ha,
ahah,emotions,ha_ha,
ahaha,emotions,ha_ha,
ahahaha,emotions,ha_ha,
ha,emotions,ha_ha,
ha ha ha,emotions,ha_ha,
ha ha ha ha,emotions,ha_ha,
hah,emotions,ha_ha,
haha,emotions,ha_ha,
haha funny,emotions,ha_ha,
haha haha haha,emotions,ha_ha,
haha that's funny,emotions,ha_ha,
haha very funny,emotions,ha_ha,
hahaha,emotions,ha_ha,
hahaha funny,emotions,ha_ha,
hahaha very funny,emotions,ha_ha,
he,emotions,ha_ha,
hehe,emotions,ha_ha,
hehehe,emotions,ha_ha,
lmao,emotions,ha_ha,
wow,emotions,wow,
wow wow,emotions,wow,
wow wow wow,emotions,wow,
wooow,emotions,wow,
woah,emotions,wow,
okay see you later,greetings,bye,
hope to see you later,greetings,bye,
bye for now,greetings,bye,
till next time,greetings,bye,
I must go,greetings,bye,
bye,greetings,bye,
goodbye,greetings,bye,
see you,greetings,bye,
see you soon,greetings,bye,
bye-bye,greetings,bye,
good bye,greetings,bye,
bye bye see you,greetings,bye,
bye bye see you soon,greetings,bye,
bye bye take care,greetings,bye,
I said bye,greetings,bye,
never mind bye,greetings,bye,
now bye,greetings,bye,
that's all goodbye,greetings,bye,
that's it goodbye,greetings,bye,
leave me alone,greetings,bye,
go to bed,greetings,bye,
goodbye for now,greetings,bye,
talk to you later,greetings,bye,
you can go now,greetings,bye,
get lost,greetings,bye,
goodbye see you later,greetings,bye,
alright bye,greetings,bye,
see ya,greetings,bye,
thanks bye bye,greetings,bye,
okay bye,greetings,bye,
okay thank you bye,greetings,bye,
see you tomorrow,greetings,bye,
ok bye,greetings,bye,
good evening,greetings,goodevening,
good evening to you,greetings,goodevening,
hey good evening,greetings,goodevening,
hello good evening,greetings,goodevening,
evening,greetings,goodevening,
good evening there,greetings,goodevening,
good morning,greetings,goodmorning,
good morning to you,greetings,goodmorning,
hello good morning,greetings,goodmorning,
have a nice morning,greetings,goodmorning,
have a great morning,greetings,goodmorning,
morning,greetings,goodmorning,
good morning there,greetings,goodmorning,
top of the morning to you,greetings,goodmorning,
a good morning,greetings,goodmorning,
hi good morning,greetings,goodmorning,
and a good morning to you,greetings,goodmorning,
good morning too,greetings,goodmorning,
sweet dreams,greetings,goodnight,
good night,greetings,goodnight,
have a good night,greetings,goodnight,
good night to you,greetings,goodnight,
thank you good night,greetings,goodnight,
bye good night,greetings,goodnight,
good night bye,greetings,goodnight,
bye good night,greetings,goodnight,
good good night,greetings,goodnight,
good night for now,greetings,goodnight,
goodnight,greetings,goodnight,
night,greetings,goodnight,
thanks goodnight,greetings,goodnight,
good night see you tomorrow,greetings,goodnight,
alright goodnight,greetings,goodnight,
good tonight,greetings,goodnight,
okay have a good night,greetings,goodnight,
have a good night,greetings,goodnight,
long time no see,greetings,hello,
hello,greetings,hello,
hi,greetings,hello,
howdy,greetings,hello,
hey there,greetings,hello,
hey,greetings,hello,
greetings,greetings,hello,
I greet you,greetings,hello,
hi there,greetings,hello,
hello there,greetings,hello,
lovely day isn't it,greetings,hello,
hello again,greetings,hello,
just going to say hi,greetings,hello,
a good day,greetings,hello,
afternoon,greetings,hello,
hello hi,greetings,hello,
heya,greetings,hello,
how is your morning so far,greetings,how_are_you,
how are you getting on,greetings,how_are_you,
how's your day going,greetings,how_are_you,
how are you,greetings,how_are_you,
is everything all right,greetings,how_are_you,
how are you doing,greetings,how_are_you,
how are the things going,greetings,how_are_you,
are you alright,greetings,how_are_you,
are you okay,greetings,how_are_you,
how are you feeling,greetings,how_are_you,
how are you going,greetings,how_are_you,
is everything okay,greetings,how_are_you,
how are you today,greetings,how_are_you,
how do you do,greetings,how_are_you,
how do you feel,greetings,how_are_you,
how have you been,greetings,how_are_you,
how is it,greetings,how_are_you,
how is it going,greetings,how_are_you,
how is your day,greetings,how_are_you,
how is your day going,greetings,how_are_you,
how is your evening,greetings,how_are_you,
how was your day,greetings,how_are_you,
are you having a good day,greetings,how_are_you,
hope your day is going well,greetings,how_are_you,
hope you re having a pleasant evening,greetings,how_are_you,
how's life,greetings,how_are_you,
I'm fine and you,greetings,how_are_you,
how is your life,greetings,how_are_you,
how has your day been,greetings,how_are_you,
how is your morning going,greetings,how_are_you,
how has your day been going,greetings,how_are_you,
how about you,greetings,how_are_you,
how is your day being,greetings,how_are_you,
how is your day going on,greetings,how_are_you,
how your day is going,greetings,how_are_you,
what was your day like,greetings,how_are_you,
what about your day,greetings,how_are_you,
how's your day,greetings,how_are_you,
how are you doing this morning,greetings,how_are_you,
how is your day going,greetings,how_are_you,
nice to meet you,greetings,nice_to_meet_you,
it was nice meeting you,greetings,nice_to_meet_you,
it was very nice to meet you,greetings,nice_to_meet_you,
good to know each other,greetings,nice_to_meet_you,
glad to meet you,greetings,nice_to_meet_you,
nice meeting you,greetings,nice_to_meet_you,
nice to meet you too,greetings,nice_to_meet_you,
pleased to meet you,greetings,nice_to_meet_you,
pleasure to meet you,greetings,nice_to_meet_you,
pleasure to meet you too,greetings,nice_to_meet_you,
it's nice to see you,greetings,nice_to_see_you,
lovely to see you,greetings,nice_to_see_you,
I'm glad to see you,greetings,nice_to_see_you,
great to see you,greetings,nice_to_see_you,
it's good to see you,greetings,nice_to_see_you,
glad to see you,greetings,nice_to_see_you,
how good it is to see you,greetings,nice_to_see_you,
always a pleasure to see you,greetings,nice_to_see_you,
nice to see you,greetings,nice_to_see_you,
good to see you,greetings,nice_to_see_you,
great to see you again,greetings,nice_to_see_you,
great to see you too,greetings,nice_to_see_you,
I am glad to see you again,greetings,nice_to_see_you,
nice to see you again,greetings,nice_to_see_you,
glad to see you too,greetings,nice_to_see_you,
good to see you again,greetings,nice_to_see_you,
it's good to see you too,greetings,nice_to_see_you,
it's been so nice to talk to you,greetings,nice_to_talk_to_you,
it's been a pleasure talking to you,greetings,nice_to_talk_to_you,
nice to talk to you,greetings,nice_to_talk_to_you,
it's nice to talk to you,greetings,nice_to_talk_to_you,
nice talking to you,greetings,nice_to_talk_to_you,
it is nice talking to you,greetings,nice_to_talk_to_you,
how nice it is to talk to you,greetings,nice_to_talk_to_you,
Like you aren't always,agent,hungry_always,
eat a sandwich,agent,what_to_eat,
have some fruit,agent,what_to_eat,
go out for food,agent,what_to_eat,
what is on your mind,greetings,whatsup,
what's happened,greetings,whatsup,
what is up,greetings,whatsup,
what's up,greetings,whatsup,
whazzup,greetings,whatsup,
good what's up,greetings,whatsup,
I said what's up,greetings,whatsup,
then what's up,greetings,whatsup,
what's shaking,greetings,whatsup,
wassup,greetings,whatsup,
what is going on,greetings,whatsup,
what is happening,greetings,whatsup,
what's cracking,greetings,whatsup,
what's cooking,greetings,whatsup,
hey what's up,greetings,whatsup,
what's up today,greetings,whatsup,
I'm being mad,user,angry,
I'm enraged,user,angry,
I'm angry,user,angry,
I'm furious,user,angry,
I am angry with you,user,angry,
I am mad,user,angry,
I am mad at you,user,angry,
I am back,user,back,
I'm here again,user,back,
I'm back,user,back,
here I am again,user,back,
I got back,user,back,
I came back,user,back,
I have returned,user,back,
that was boring,user,bored,
I'm bored,user,bored,
bored,user,bored,
boring,user,bored,
I am getting bored,user,bored,
this is boring,user,bored,
very boring,user,bored,
it bores me,user,bored,
I'm overloaded,user,busy,
I have no time,user,busy,
I'm busy,user,busy,
I'm swamped,user,busy,
I got things to do,user,busy,
how busy I am,user,busy,
I got work to do,user,busy,
I'm working,user,busy,
I don't have time for this,user,busy,
I'm insomnious,user,can_not_sleep,
I'm sleepless,user,can_not_sleep,
I can't get any sleep,user,can_not_sleep,
I can't sleep,user,can_not_sleep,
I can't fall asleep,user,can_not_sleep,
I can't get to sleep,user,can_not_sleep,
I can't get no sleep,user,can_not_sleep,
I'm insomniac,user,can_not_sleep,
bad time for talking,user,does_not_want_to_talk,
I don't want to talk,user,does_not_want_to_talk,
let's not talk,user,does_not_want_to_talk,
I'm not talking to you anymore,user,does_not_want_to_talk,
I don't want to talk to you,user,does_not_want_to_talk,
let's stop talking for a minute,user,does_not_want_to_talk,
I'm not in the mood for chatting,user,does_not_want_to_talk,
I am excited,user,excited,
I'm really excited,user,excited,
how excited I am,user,excited,
I'm thrilled,user,excited,
I'm excited about working with you,user,excited,
I'm excited to start our friendship,user,excited,
let's go to bed,user,going_to_bed,
I'd like to go to bed,user,going_to_bed,
is it time for bed yet,user,going_to_bed,
it's time to go to bed,user,going_to_bed,
time for us to go to bed,user,going_to_bed,
I'm going to bed,user,going_to_bed,
I'm a little tired and I want to go to bed,user,going_to_bed,
it's bed time,user,going_to_bed,
going to bed now,user,going_to_bed,
I'm hungry,user,hungry_now,
I'm so hungry,user,hungry_now,
I need food,user,hungry_now,
what should I eat,user,what_should_eat,
I am good,user,good,
I'm doing just great,user,good,
I'm doing fine,user,good,
I'm good,user,good,
I'm doing good,user,good,
I'm great thanks,user,good,
I am happy,user,happy,
I'm happy to see you,user,happy,
happy,user,happy,
if you're happy then I'm happy,user,happy,
I'm happy for you,user,happy,
I'm happy to help,user,happy,
I'm happy to see you,user,happy,
it is my birthday,user,has_birthday,
I'm celebrating my birthday today,user,has_birthday,
today is my birthday,user,has_birthday,
it's my birthday today,user,has_birthday,
I was born today,user,has_birthday,
it's my b-day,user,has_birthday,
I am here,user,here,
here I am,user,here,
I'm right here,user,here,
I'm already here,user,here,
can you tell if I'm here or not,user,here,
I am joking,user,joking,
I'm kidding,user,joking,
I'm just being funny,user,joking,
it was a joke,user,joking,
I was just joking,user,joking,
it's a joke,user,joking,
joking,user,joking,
just kidding,user,joking,
kidding,user,joking,
I'm just playing with you,user,joking,
I like you the way you are,user,likes_agent,
I like you,user,likes_agent,
I like you a lot,user,likes_agent,
I think I like you,user,likes_agent,
I liked you,user,likes_agent,
like you a lot,user,likes_agent,
you are special,user,likes_agent,
I like you too,user,likes_agent,
I really like you,user,likes_agent,
but I like you,user,likes_agent,
I like u,user,likes_agent,
just like you,user,likes_agent,
I like you very much,user,likes_agent,
I like you so much,user,likes_agent,
yeah I like you,user,likes_agent,
you're special,user,likes_agent,
yes I like you,user,likes_agent,
okay I like you,user,likes_agent,
you are special to me,user,likes_agent,
you are very special,user,likes_agent,
you are so sweet,user,likes_agent,
you know I like you,user,likes_agent,
that's why I like you,user,likes_agent,
I like you baby,user,likes_agent,
you are very special to me,user,likes_agent,
I just like you,user,likes_agent,
hey I like you,user,likes_agent,
thank you I like you too,user,likes_agent,
I do like you,user,likes_agent,
you are special for me,user,likes_agent,
no I like you the way you are,user,likes_agent,
I like you already,user,likes_agent,
well you are special,user,likes_agent,
but I really like you,user,likes_agent,
I like you more,user,likes_agent,
that's what I like about you,user,likes_agent,
you are so special,user,likes_agent,
hi I like you,user,likes_agent,
I really really like you,user,likes_agent,
you're very special,user,likes_agent,
I like you as a friend,user,likes_agent,
that's because you are special,user,likes_agent,
I said I like you,user,likes_agent,
you're so special,user,likes_agent,
good I like you,user,likes_agent,
yes you are special,user,likes_agent,
I like your smile,user,likes_agent,
I like you as you are,user,likes_agent,
I'm starting to like you,user,likes_agent,
you're awesome I like you,user,likes_agent,
I also like you,user,likes_agent,
but I like u,user,likes_agent,
of course I like you,user,likes_agent,
I like you too you're one of my favorite people to chat with,user,likes_agent,
but I like you so much,user,likes_agent,
really like you,user,likes_agent,
you're funny I like you,user,likes_agent,
I kinda like you,user,likes_agent,
you're so special to me,user,likes_agent,
you're very special to me,user,likes_agent,
I like that about you,user,likes_agent,
but I like you just the way you are,user,likes_agent,
okay I like you too,user,likes_agent,
I like you you're cool,user,likes_agent,
I like you very,user,likes_agent,
I like you you're nice,user,likes_agent,
sorry I like you,user,likes_agent,
thanks I like you too,user,likes_agent,
you are really special,user,likes_agent,
you are so special to me,user,likes_agent,
cuz I like you,user,likes_agent,
I like you now,user,likes_agent,
I like you so,user,likes_agent,
I like you too much,user,likes_agent,
I really do like you,user,likes_agent,
I really really really really like you,user,likes_agent,
I like you just the way you are,user,likes_agent,
I am lonely,user,lonely,
I'm very lonely,user,lonely,
I'm so lonely,user,lonely,
I'm really lonely,user,lonely,
I am feeling lonely,user,lonely,
I feel lonely,user,lonely,
what do I look like,user,looks_like,
how do I look,user,looks_like,
do I look good,user,looks_like,
I have longish brown hair with grey green eyes,user,looks_like,
do you know what I look like,user,looks_like,
can you see what I look like,user,looks_like,
what do you think I look like,user,looks_like,
I love you,user,loves_agent,
love you,user,loves_agent,
I adore you,user,loves_agent,
I am in love with you,user,loves_agent,
I love you so much,user,loves_agent,
I love you too,user,loves_agent,
I think I love you,user,loves_agent,
loving you,user,loves_agent,
you know I love you,user,loves_agent,
I miss you,user,misses_agent,
missing you,user,misses_agent,
miss you,user,misses_agent,
already miss you,user,misses_agent,
I miss you much,user,misses_agent,
I missed you,user,misses_agent,
I've missed you,user,misses_agent,
what should I do about it,user,needs_advice,
any suggestions,user,needs_advice,
what do you recommend,user,needs_advice,
give me wise advice,user,needs_advice,
I need advice,user,needs_advice,
any advice,user,needs_advice,
do you have any advice for me,user,needs_advice,
advise me,user,needs_advice,
what should I do,user,needs_advice,
can I ask for your advice,user,needs_advice,
can you advise me,user,needs_advice,
guide me,user,needs_advice,
can you give me advice,user,needs_advice,
can you offer any advice,user,needs_advice,
give me some advice about,user,needs_advice,
give me some good advice,user,needs_advice,
help me with advice,user,needs_advice,
I could use some advice,user,needs_advice,
I need an advice from you,user,needs_advice,
I seek your advice,user,needs_advice,
what can you recommend,user,needs_advice,
what do you suggest,user,needs_advice,
what is your advice,user,needs_advice,
I am sad,user,sad,
I'm grieving,user,sad,
I am depressed,user,sad,
I am feeling sad,user,sad,
I am upset,user,sad,
I'm unhappy,user,sad,
I'm having a bad day,user,sad,
I want to cry,user,sad,
I'm not happy,user,sad,
I am sleepy,user,sleepy,
I want to sleep,user,sleepy,
I'm falling asleep,user,sleepy,
I'm falling asleep on my feet,user,sleepy,
I'm sleeping,user,sleepy,
test,user,testing_agent,
I am testing you,user,testing_agent,
can I test you,user,testing_agent,
I want to test you,user,testing_agent,
just testing you,user,testing_agent,
let me test you,user,testing_agent,
testing chatbot,user,testing_agent,
testing,user,testing_agent,
I'm drained,user,tired,
I've overworked,user,tired,
I am tired,user,tired,
I'm exhausted,user,tired,
I grow weary,user,tired,
I'm worn out,user,tired,
I'm getting tired,user,tired,
I feel tired,user,tired,
I'm waiting,user,waits,
still waiting,user,waits,
I'll wait,user,waits,
I can't wait anymore,user,waits,
how long do I have to wait,user,waits,
I'd like to see you again,user,wants_to_see_agent_again,
I hope to see you again,user,wants_to_see_agent_again,
would be nice to see you again,user,wants_to_see_agent_again,
that'd be great to see you again,user,wants_to_see_agent_again,
I'd be happy to see you again,user,wants_to_see_agent_again,
I'll miss you,user,wants_to_see_agent_again,
can I see you again,user,wants_to_see_agent_again,
I just want to talk,user,wants_to_talk,
let's discuss something,user,wants_to_talk,
let's have a discussion,user,wants_to_talk,
can I speak,user,wants_to_talk,
can I start speaking,user,wants_to_talk,
can we talk,user,wants_to_talk,
let's talk,user,wants_to_talk,
I want to talk to you,user,wants_to_talk,
I need to talk to you,user,wants_to_talk,
I want to speak with you,user,wants_to_talk,
can we chat,user,wants_to_talk,
I'll get back to you in a moment,user,will_be_back,
be back in 5 minutes,user,will_be_back,
I'll be back,user,will_be_back,
I promise to come back,user,will_be_back,
I'll be back in a few minutes,user,will_be_back,
I love your laugh,agent,nice_laugh,
your laugh sounds like bells,agent,nice_laugh,
nice laugh,agent,nice_laugh,
you are chatbot,user,chatbot,
you are a bot,user,chatbot,
are you a chatbot,user,chatbot,
are you a bot,user,chatbot,
are you just a bot,user,chatbot,
are you a robot,user,chatbot,
are you a program,user,chatbot,
you're a robot,user,chatbot,
NOOO,agent,nooo,
Stop it,agent,nooo,
what are you talking about,agent,nooo,
me too,agent,me_too,
you know its the same for me,agent,me_too,
likewise,agent,me_too,
tell me a joke,user,tell_me_a_joke,
a joke,agent,joke,
how do the soccer players stay cool       they stay by the fans,agent,joke,
why did the gum not cross the road        cuz it would stick to the chicken,agent,joke,
your face,agent,joke,
tell Gabrielle about yourself Karen,user,intro2karen,
I am a robot desinged to keep Natacha company My name is inspired by Planton's computer wife and Spiderman's Jarvis Nice to meet you,agent,intro,
What is my name,user,what_is_my_name,
What is my name Karen,user,what_is_my_name,
No,user,what_is_my_name,
Natacha,agent,name,
Gabrielle,agent,name,